cost_total,tokens_prompt,tokens_completion,model_permaslug,generation_time_ms,time_to_first_token_ms
0.000242,1297,242,google/gemma-4-31b-it-20260402,4852,770
0.001328,1798,143,google/gemini-3-flash-preview-20251217,2328,1156
0.001347,1812,147,google/gemini-3-flash-preview-20251217,3273,2549
0.001598,1810,231,google/gemini-3-flash-preview-20251217,6092,4153
0.00137,1811,155,google/gemini-3-flash-preview-20251217,2247,1493
0.000302,1235,113,z-ai/glm-4.7-20251222,2127,485
0.000299,1249,108,z-ai/glm-4.7-20251222,2737,817
0.000424,1237,182,z-ai/glm-4.7-20251222,4546,431
0.000519,1245,211,z-ai/glm-4.7-20251222,6576,410
0.000597,1299,202,z-ai/glm-4.5,3928,2062
0.000407,1313,112,z-ai/glm-4.5,2936,1916
0.000561,1301,185,z-ai/glm-4.5,3657,2121
0.000639,1309,191,z-ai/glm-4.5,3677,1951
0.000811,1798,241,google/gemini-3.1-flash-lite-20260507,1346,764
0.000672,1812,146,google/gemini-3.1-flash-lite-20260507,1502,1419
0.000824,1810,248,google/gemini-3.1-flash-lite-20260507,1538,815
0.000824,1811,248,google/gemini-3.1-flash-lite-20260507,1394,851
0.0002,1272,238,google/gemma-4-31b-it-20260402,6456,594
0.00017,1286,148,google/gemma-4-31b-it-20260402,3072,684
0.000204,1284,245,google/gemma-4-31b-it-20260402,4178,777
0.000239,1285,236,google/gemma-4-31b-it-20260402,6003,908
0.0013,1202,233,google/gemini-3-flash-preview-20251217,1962,1368
0.001193,1817,95,google/gemini-3-flash-preview-20251217,1817,1333
0.001015,1214,136,google/gemini-3-flash-preview-20251217,1585,1279
0.001634,1816,242,google/gemini-3-flash-preview-20251217,4276,3050
0.000484,1242,192,z-ai/glm-4.7-20251222,5302,551
0.000302,1256,108,z-ai/glm-4.7-20251222,3527,751
0.000426,1244,182,z-ai/glm-4.7-20251222,9245,3996
0.000481,1252,188,z-ai/glm-4.7-20251222,4241,443
0.000602,1306,204,z-ai/glm-4.5,4025,1984
0.000408,1320,112,z-ai/glm-4.5,2552,2119
0.000562,1308,185,z-ai/glm-4.5,3943,2084
0.000643,1316,191,z-ai/glm-4.5,3910,2570
0.000819,1803,246,google/gemini-3.1-flash-lite-20260507,1338,724
0.000671,1817,145,google/gemini-3.1-flash-lite-20260507,1124,670
0.000791,1815,225,google/gemini-3.1-flash-lite-20260507,1377,831
0.000827,1816,249,google/gemini-3.1-flash-lite-20260507,1920,916
0.000201,1279,237,google/gemma-4-31b-it-20260402,6540,1260
0.000209,1293,150,google/gemma-4-31b-it-20260402,9225,583
0.000253,1231,246,google/gemma-4-31b-it-20260402,7635,420
0.000249,1232,236,google/gemma-4-31b-it-20260402,6804,405
0.001372,1869,146,google/gemini-3-flash-preview-20251217,2248,1535
0.001382,1883,147,google/gemini-3-flash-preview-20251217,2209,1353
0.001681,1881,247,google/gemini-3-flash-preview-20251217,2565,1234
0.001667,1882,242,google/gemini-3-flash-preview-20251217,2962,1827
0.000307,1303,112,z-ai/glm-4.7-20251222,2511,1070
0.000306,1317,108,z-ai/glm-4.7-20251222,3329,1050
0.000849,1305,199,z-ai/glm-4.7-20251222,4637,806
0.000496,1313,206,z-ai/glm-4.7-20251222,6217,1771
0.000618,1367,208,z-ai/glm-4.5,4029,1893
0.000415,1381,112,z-ai/glm-4.5,2630,2039
0.000568,1369,185,z-ai/glm-4.5,3676,1977
0.000606,1377,191,z-ai/glm-4.5,3854,2021
0.000816,1869,233,google/gemini-3.1-flash-lite-20260507,1414,857
0.000688,1883,145,google/gemini-3.1-flash-lite-20260507,995,727
0.000822,1881,235,google/gemini-3.1-flash-lite-20260507,1452,849
0.000854,1882,256,google/gemini-3.1-flash-lite-20260507,1552,1003
0.000257,1285,237,google/gemma-4-31b-it-20260402,9204,941
0.000224,1299,147,google/gemma-4-31b-it-20260402,4159,398
0.00021,1352,244,google/gemma-4-31b-it-20260402,5466,1654
0.000247,1353,236,google/gemma-4-31b-it-20260402,6051,824
0.001651,1827,246,google/gemini-3-flash-preview-20251217,2381,1209
0.001361,1841,147,google/gemini-3-flash-preview-20251217,3207,2493
0.001654,1839,245,google/gemini-3-flash-preview-20251217,5805,4297
0.001694,1840,258,google/gemini-3-flash-preview-20251217,7303,5875
0.000315,1263,114,z-ai/glm-4.7-20251222,2468,605
0.00031,1277,108,z-ai/glm-4.7-20251222,2006,522
0.000435,1265,182,z-ai/glm-4.7-20251222,2934,606
0.000518,1273,204,z-ai/glm-4.7-20251222,4856,456
0.000578,1327,192,z-ai/glm-4.5,3802,1910
0.000411,1341,112,z-ai/glm-4.5,2748,2300
0.000564,1329,185,z-ai/glm-4.5,3660,1956
0.000657,1337,191,z-ai/glm-4.5,3963,2241
0.000806,1827,233,google/gemini-3.1-flash-lite-20260507,1371,792
0.000677,1841,145,google/gemini-3.1-flash-lite-20260507,1238,909
0.000836,1839,251,google/gemini-3.1-flash-lite-20260507,1978,906
0.000832,1840,248,google/gemini-3.1-flash-lite-20260507,1565,885
0.000203,1298,237,google/gemma-4-31b-it-20260402,4609,863
0.00021,1312,148,google/gemma-4-31b-it-20260402,4335,829
0.000256,1255,246,google/gemma-4-31b-it-20260402,11834,2237
0.000253,1256,238,google/gemma-4-31b-it-20260402,11486,733
0.001264,1676,142,google/gemini-3-flash-preview-20251217,2084,1327
0.00113,1690,95,google/gemini-3-flash-preview-20251217,1545,1009
0.001261,1688,139,google/gemini-3-flash-preview-20251217,1965,1312
0.001615,1689,257,google/gemini-3-flash-preview-20251217,2826,1448
0.000331,1112,134,z-ai/glm-4.7-20251222,5479,697
0.000291,1126,108,z-ai/glm-4.7-20251222,2448,531
0.000415,1114,182,z-ai/glm-4.7-20251222,4678,578
0.000752,1122,185,z-ai/glm-4.7-20251222,6265,456
0.000552,1176,192,z-ai/glm-4.5,3808,1921
0.000377,1190,112,z-ai/glm-4.5,2305,1878
0.000537,1178,185,z-ai/glm-4.5,3504,1873
0.000542,1186,187,z-ai/glm-4.5,3606,1934
0.000768,1676,233,google/gemini-3.1-flash-lite-20260507,1445,853
0.00064,1690,145,google/gemini-3.1-flash-lite-20260507,1221,749
0.000762,1688,227,google/gemini-3.1-flash-lite-20260507,1446,920
0.000798,1689,251,google/gemini-3.1-flash-lite-20260507,1458,806
0.000189,1144,237,google/gemma-4-31b-it-20260402,4619,636
0.000199,1106,147,google/gemma-4-31b-it-20260402,4199,379
0.000235,1104,242,google/gemma-4-31b-it-20260402,7976,710
0.000223,1157,236,google/gemma-4-31b-it-20260402,4190,815
0.001801,1701,317,google/gemini-3-flash-preview-20251217,2563,1095
0.000961,1083,140,google/gemini-3-flash-preview-20251217,1761,1380
0.00113,1679,97,google/gemini-3-flash-preview-20251217,1955,1433
0.000935,1679,32,google/gemini-3-flash-preview-20251217,1698,1509
0.001115,1672,93,google/gemini-3-flash-preview-20251217,1730,1289
0.001543,1676,235,google/gemini-3-flash-preview-20251217,8999,7786
0.001263,1687,140,google/gemini-3-flash-preview-20251217,1806,1046
0.001099,1676,87,google/gemini-3-flash-preview-20251217,1642,1170
0.001284,1686,147,google/gemini-3-flash-preview-20251217,3669,2832
0.000969,1681,43,google/gemini-3-flash-preview-20251217,1426,1154
0.001257,1680,139,google/gemini-3-flash-preview-20251217,1982,1311
0.001261,1688,139,google/gemini-3-flash-preview-20251217,1778,1074
0.001291,1688,149,google/gemini-3-flash-preview-20251217,1920,1202
0.001464,1693,206,google/gemini-3-flash-preview-20251217,2407,1372
0.001111,1683,90,google/gemini-3-flash-preview-20251217,1725,1171
0.00111,1681,90,google/gemini-3-flash-preview-20251217,1871,1393
0.00094,1683,33,google/gemini-3-flash-preview-20251217,1448,1173
0.001568,1685,242,google/gemini-3-flash-preview-20251217,2333,1006
0.00131,1679,157,google/gemini-3-flash-preview-20251217,2212,1459
0.001286,1690,147,google/gemini-3-flash-preview-20251217,2074,1310
0.001124,1678,95,google/gemini-3-flash-preview-20251217,1709,1254
0.001124,1678,95,google/gemini-3-flash-preview-20251217,1882,1407
0.001855,1689,337,google/gemini-3-flash-preview-20251217,2600,955
0.001303,1689,153,google/gemini-3-flash-preview-20251217,2136,1405
0.001615,1689,257,google/gemini-3-flash-preview-20251217,2262,1154
0.000864,1134,434,z-ai/glm-4.7-20251222,10509,605
0.000457,1122,204,z-ai/glm-4.7-20251222,3828,540
0.000298,1114,115,z-ai/glm-4.7-20251222,3345,484
0.000162,1114,37,z-ai/glm-4.7-20251222,1386,554
0.000284,1110,108,z-ai/glm-4.7-20251222,4417,1710
0.000313,1112,124,z-ai/glm-4.7-20251222,2693,528
0.000288,1120,108,z-ai/glm-4.7-20251222,4130,578
0.000286,1114,108,z-ai/glm-4.7-20251222,3263,492
0.00033,1118,132,z-ai/glm-4.7-20251222,2566,445
0.000191,1121,52,z-ai/glm-4.7-20251222,2819,1826
0.000421,1114,185,z-ai/glm-4.7-20251222,5069,959
0.000415,1114,182,z-ai/glm-4.7-20251222,4314,492
0.000465,1123,208,z-ai/glm-4.7-20251222,4740,1285
0.00058,1128,273,z-ai/glm-4.7-20251222,7270,425
0.000287,1117,108,z-ai/glm-4.7-20251222,2221,468
0.000285,1120,106,z-ai/glm-4.7-20251222,4217,1576
0.000182,1121,47,z-ai/glm-4.7-20251222,1035,436
0.000463,1120,208,z-ai/glm-4.7-20251222,7632,474
0.000786,1112,207,z-ai/glm-4.7-20251222,5738,512
0.000291,1126,108,z-ai/glm-4.7-20251222,3916,930
0.00029,1110,111,z-ai/glm-4.7-20251222,3103,436
0.000288,1119,108,z-ai/glm-4.7-20251222,3157,856
0.000609,1122,291,z-ai/glm-4.7-20251222,7932,483
0.000431,1126,188,z-ai/glm-4.7-20251222,10421,582
0.000815,1122,221,z-ai/glm-4.7-20251222,6580,495
0.001105,1198,433,z-ai/glm-4.5,7737,2023
0.000609,1186,211,z-ai/glm-4.5,3975,1959
0.000401,1178,119,z-ai/glm-4.5,3012,2524
0.000202,1178,28,z-ai/glm-4.5,1070,1046
0.000382,1174,111,z-ai/glm-4.5,2443,1981
0.000561,1176,192,z-ai/glm-4.5,4199,2424
0.000387,1184,111,z-ai/glm-4.5,2376,1952
0.000385,1178,111,z-ai/glm-4.5,2384,2057
0.000382,1182,109,z-ai/glm-4.5,2322,1955
0.000245,1185,46,z-ai/glm-4.5,1333,1320
0.000605,1178,211,z-ai/glm-4.5,4129,1952
0.000546,1178,185,z-ai/glm-4.5,3583,2001
0.000605,1187,209,z-ai/glm-4.5,3966,2016
0.000757,1192,277,z-ai/glm-4.5,5074,1954
0.000388,1181,112,z-ai/glm-4.5,2750,2321
0.000385,1184,110,z-ai/glm-4.5,2335,2024
0.000255,1185,50,z-ai/glm-4.5,1437,1437
0.000558,1184,188,z-ai/glm-4.5,3699,1932
0.000623,1176,220,z-ai/glm-4.5,4504,2226
0.000394,1190,112,z-ai/glm-4.5,2314,1894
0.000421,1174,129,z-ai/glm-4.5,2640,1888
0.000394,1183,114,z-ai/glm-4.5,2094,1946
0.000735,1186,268,z-ai/glm-4.5,4939,2028
0.000569,1190,192,z-ai/glm-4.5,3693,1924
0.000564,1186,191,z-ai/glm-4.5,3970,2267
0.001209,1701,523,google/gemini-3.1-flash-lite-20260507,2147,840
0.000782,1684,241,google/gemini-3.1-flash-lite-20260507,1412,832
0.000644,1679,150,google/gemini-3.1-flash-lite-20260507,1318,894
0.000497,1679,52,google/gemini-3.1-flash-lite-20260507,1033,919
0.000643,1672,150,google/gemini-3.1-flash-lite-20260507,1325,896
0.000768,1676,233,google/gemini-3.1-flash-lite-20260507,1481,865
0.000633,1687,141,google/gemini-3.1-flash-lite-20260507,1275,884
0.000636,1676,145,google/gemini-3.1-flash-lite-20260507,1294,856
0.000651,1686,153,google/gemini-3.1-flash-lite-20260507,1312,816
0.000486,1681,44,google/gemini-3.1-flash-lite-20260507,1045,836
0.000777,1680,238,google/gemini-3.1-flash-lite-20260507,1476,953
0.000762,1688,227,google/gemini-3.1-flash-lite-20260507,1488,862
0.000789,1688,245,google/gemini-3.1-flash-lite-20260507,1964,1363
0.000942,1693,346,google/gemini-3.1-flash-lite-20260507,1684,907
0.000653,1683,155,google/gemini-3.1-flash-lite-20260507,1287,825
0.000631,1681,141,google/gemini-3.1-flash-lite-20260507,1435,1049
0.000476,1683,37,google/gemini-3.1-flash-lite-20260507,1214,1126
0.000794,1685,249,google/gemini-3.1-flash-lite-20260507,1444,789
0.000793,1679,249,google/gemini-3.1-flash-lite-20260507,1457,1228
0.00064,1690,145,google/gemini-3.1-flash-lite-20260507,1162,757
0.000643,1678,149,google/gemini-3.1-flash-lite-20260507,1303,937
0.000643,1678,149,google/gemini-3.1-flash-lite-20260507,1303,819
0.000921,1689,333,google/gemini-3.1-flash-lite-20260507,1735,943
0.000797,1689,250,google/gemini-3.1-flash-lite-20260507,1684,927
0.000798,1689,251,google/gemini-3.1-flash-lite-20260507,1682,1064
0.000292,1169,531,google/gemma-4-31b-it-20260402,11034,271
0.000188,1152,239,google/gemma-4-31b-it-20260402,4803,277
0.000194,1147,157,google/gemma-4-31b-it-20260402,2995,797
0.000117,1147,36,google/gemma-4-31b-it-20260402,3032,590
0.000157,1140,150,google/gemma-4-31b-it-20260402,4023,527
0.000186,1144,238,google/gemma-4-31b-it-20260402,4665,254
0.000154,1155,140,google/gemma-4-31b-it-20260402,2768,279
0.000154,1144,145,google/gemma-4-31b-it-20260402,2822,252
0.000189,1154,146,google/gemma-4-31b-it-20260402,2909,320
0.000122,1149,51,google/gemma-4-31b-it-20260402,1373,697
0.000188,1148,241,google/gemma-4-31b-it-20260402,4762,266
0.000224,1156,244,google/gemma-4-31b-it-20260402,4852,313
0.000229,1156,251,google/gemma-4-31b-it-20260402,8345,2141
0.000274,1109,344,google/gemma-4-31b-it-20260402,13286,767
0.000186,1099,147,google/gemma-4-31b-it-20260402,7498,1088
0.000156,1149,144,google/gemma-4-31b-it-20260402,3015,572
0.000152,1151,41,google/gemma-4-31b-it-20260402,1307,624
0.000223,1101,247,google/gemma-4-31b-it-20260402,14763,1949
0.000227,1147,250,google/gemma-4-31b-it-20260402,5307,877
0.00019,1158,148,google/gemma-4-31b-it-20260402,3202,330
0.00026,1146,350,google/gemma-4-31b-it-20260402,8187,314
0.000187,1094,152,google/gemma-4-31b-it-20260402,13152,6556
0.000264,1157,348,google/gemma-4-31b-it-20260402,9563,2015
0.000224,1157,245,google/gemma-4-31b-it-20260402,4744,229
0.000222,1157,238,google/gemma-4-31b-it-20260402,4464,325
0.01135,3979,598,google/gemini-3.5-flash-20260519,6503,2381
0.000228,1161,351,google/gemma-4-31b-it-20260402,6710,659
0.000192,1153,150,google/gemma-4-31b-it-20260402,4363,1398
0.000156,1150,144,google/gemma-4-31b-it-20260402,5192,851
0.000154,1145,48,google/gemma-4-31b-it-20260402,1211,323
0.000198,1157,258,google/gemma-4-31b-it-20260402,5357,619
0.000226,1146,254,google/gemma-4-31b-it-20260402,4520,393
0.000158,1157,148,google/gemma-4-31b-it-20260402,2890,747
0.000302,1149,470,google/gemma-4-31b-it-20260402,10423,320
0.000191,1146,150,google/gemma-4-31b-it-20260402,4360,764
0.000264,1157,358,google/gemma-4-31b-it-20260402,17652,5110
0.000193,1155,252,google/gemma-4-31b-it-20260402,5316,283
0.000225,1167,244,google/gemma-4-31b-it-20260402,5044,348
0.000373,1693,394,inclusionai/ling-2.6-1t-20260423,3395,3343
0.00023,1686,166,inclusionai/ling-2.6-1t-20260423,2517,2418
0.000223,1686,156,inclusionai/ling-2.6-1t-20260423,1972,1906
0.000143,1678,28,inclusionai/ling-2.6-1t-20260423,1304,1222
0.0003,1688,279,inclusionai/ling-2.6-1t-20260423,3137,3064
0.000293,1676,268,inclusionai/ling-2.6-1t-20260423,2627,2529
0.000226,1690,159,inclusionai/ling-2.6-1t-20260423,2507,2442
0.000235,1679,176,inclusionai/ling-2.6-1t-20260423,2623,2538
0.000221,1682,153,inclusionai/ling-2.6-1t-20260423,1907,1835
0.000367,1690,385,inclusionai/ling-2.6-1t-20260423,3225,3145
0.000305,1688,287,inclusionai/ling-2.6-1t-20260423,2879,2814
0.00031,1703,293,inclusionai/ling-2.6-1t-20260423,3319,3248
0.000421,1389,515,openai/gpt-oss-120b,1475,1475
0.000234,1382,206,openai/gpt-oss-120b,501,501
0.000304,1383,161,openai/gpt-oss-120b,502,502
0.000159,1378,82,openai/gpt-oss-120b,1805,1805
0.000377,1386,282,openai/gpt-oss-120b,403,403
0.000271,1376,268,openai/gpt-oss-120b,643,643
0.000234,1388,204,openai/gpt-oss-120b,571,571
0.000258,1381,245,openai/gpt-oss-120b,1826,1826
0.000236,1381,209,openai/gpt-oss-120b,506,506
0.000545,1385,563,openai/gpt-oss-120b,1241,1241
0.000389,1387,303,openai/gpt-oss-120b,1011,1008
0.00043,1400,367,openai/gpt-oss-120b,1078,1078
0.000621,1124,297,z-ai/glm-4.7-20251222,18513,2360
0.000338,1118,137,z-ai/glm-4.7-20251222,9755,1542
0.000284,1118,106,z-ai/glm-4.7-20251222,5179,575
0.000198,1114,58,z-ai/glm-4.7-20251222,2344,528
0.000479,1121,217,z-ai/glm-4.7-20251222,9470,770
0.000452,1110,204,z-ai/glm-4.7-20251222,10978,855
0.000291,1122,109,z-ai/glm-4.7-20251222,5853,507
0.0003,1115,116,z-ai/glm-4.7-20251222,5928,514
0.000288,1119,108,z-ai/glm-4.7-20251222,5528,712
0.00057,1121,269,z-ai/glm-4.7-20251222,11919,1213
0.000481,1124,217,z-ai/glm-4.7-20251222,18879,837
0.000802,1138,210,z-ai/glm-4.7-20251222,7221,693
0.000804,1188,299,z-ai/glm-4.5,5842,2465
0.000393,1182,114,z-ai/glm-4.5,2775,2447
0.000384,1182,110,z-ai/glm-4.5,2654,2455
0.000276,1178,62,z-ai/glm-4.5,2324,2324
0.000565,1185,191,z-ai/glm-4.5,4002,2456
0.000571,1174,197,z-ai/glm-4.5,4188,2497
0.000386,1186,110,z-ai/glm-4.5,2706,2466
0.000396,1179,116,z-ai/glm-4.5,2898,2499
0.000411,1183,122,z-ai/glm-4.5,3318,2820
0.000823,1185,309,z-ai/glm-4.5,5629,1965
0.000613,1188,212,z-ai/glm-4.5,4091,2044
0.000557,1202,193,z-ai/glm-4.5,3625,1903
0.000945,1693,348,google/gemini-3.1-flash-lite-20260507,1807,884
0.000634,1685,142,google/gemini-3.1-flash-lite-20260507,1190,749
0.000629,1682,139,google/gemini-3.1-flash-lite-20260507,1149,753
0.000483,1677,43,google/gemini-3.1-flash-lite-20260507,963,759
0.0008,1689,252,google/gemini-3.1-flash-lite-20260507,1492,911
0.000784,1678,243,google/gemini-3.1-flash-lite-20260507,1503,802
0.000639,1689,145,google/gemini-3.1-flash-lite-20260507,1232,787
0.000649,1681,153,google/gemini-3.1-flash-lite-20260507,1199,780
0.000637,1678,145,google/gemini-3.1-flash-lite-20260507,1282,833
0.000927,1689,337,google/gemini-3.1-flash-lite-20260507,2657,1687
0.000781,1687,240,google/gemini-3.1-flash-lite-20260507,1360,777
0.000781,1699,238,google/gemini-3.1-flash-lite-20260507,1485,858
0.001188,1092,214,google/gemini-3-flash-preview-20251217,2136,1529
0.001136,1685,98,google/gemini-3-flash-preview-20251217,1509,994
0.000804,1081,88,google/gemini-3-flash-preview-20251217,2331,1735
0.001105,1677,89,google/gemini-3-flash-preview-20251217,5849,5642
0.001315,1689,157,google/gemini-3-flash-preview-20251217,2844,1994
0.001027,1077,163,google/gemini-3-flash-preview-20251217,2139,1647
0.001132,1689,96,google/gemini-3-flash-preview-20251217,1668,1208
0.001149,1681,103,google/gemini-3-flash-preview-20251217,1739,1144
0.001133,1678,98,google/gemini-3-flash-preview-20251217,1611,1128
0.001453,1689,203,google/gemini-3-flash-preview-20251217,1864,935
0.001278,1687,145,google/gemini-3-flash-preview-20251217,1924,1175
0.001275,1699,142,google/gemini-3-flash-preview-20251217,1745,1052
0.000227,1688,161,inclusionai/ling-2.6-1t-20260423,2499,2434
0.000293,1682,268,inclusionai/ling-2.6-1t-20260423,2740,2679
0.000143,1684,28,inclusionai/ling-2.6-1t-20260423,1192,1123
0.000361,1718,372,inclusionai/ling-2.6-1t-20260423,3771,3697
0.000222,1687,153,inclusionai/ling-2.6-1t-20260423,2267,2193
0.000287,1680,259,inclusionai/ling-2.6-1t-20260423,2574,2511
0.000363,1684,379,inclusionai/ling-2.6-1t-20260423,3575,3498
0.000358,1686,371,inclusionai/ling-2.6-1t-20260423,4152,4061
0.000368,1700,386,inclusionai/ling-2.6-1t-20260423,3187,3112
0.000224,1681,158,inclusionai/ling-2.6-1t-20260423,2388,2321
0.000285,1686,255,inclusionai/ling-2.6-1t-20260423,2587,2525
0.000223,1684,156,inclusionai/ling-2.6-1t-20260423,1988,1922
0.00023,1677,168,inclusionai/ling-2.6-1t-20260423,2888,2884
0.000215,1671,144,inclusionai/ling-2.6-1t-20260423,2086,2005
0.000287,1688,257,inclusionai/ling-2.6-1t-20260423,2483,2411
0.000296,1690,272,inclusionai/ling-2.6-1t-20260423,3100,3027
0.000225,1676,160,inclusionai/ling-2.6-1t-20260423,2074,1999
0.00023,1679,168,inclusionai/ling-2.6-1t-20260423,2132,2065
0.000143,1676,28,inclusionai/ling-2.6-1t-20260423,1769,1692
0.000239,1686,181,inclusionai/ling-2.6-1t-20260423,2700,2619
0.000219,1677,150,inclusionai/ling-2.6-1t-20260423,1892,1835
0.000219,1670,151,inclusionai/ling-2.6-1t-20260423,1989,1926
0.000372,1682,394,inclusionai/ling-2.6-1t-20260423,3957,3869
0.000237,1683,178,inclusionai/ling-2.6-1t-20260423,2087,2022
0.000143,1677,28,inclusionai/ling-2.6-1t-20260423,1797,1752
0.000227,1678,162,inclusionai/ling-2.6-1t-20260423,2261,2186
0.000226,1676,162,inclusionai/ling-2.6-1t-20260423,2118,2023
0.000377,1696,401,inclusionai/ling-2.6-1t-20260423,4570,4460
0.000221,1684,152,inclusionai/ling-2.6-1t-20260423,2130,2061
0.000223,1674,157,inclusionai/ling-2.6-1t-20260423,2348,2287
0.000143,1674,28,inclusionai/ling-2.6-1t-20260423,1654,1580
0.000364,1710,378,inclusionai/ling-2.6-1t-20260423,3549,3495
0.000286,1684,257,inclusionai/ling-2.6-1t-20260423,2970,2920
0.000235,1675,176,inclusionai/ling-2.6-1t-20260423,2654,2576
0.000225,1678,159,inclusionai/ling-2.6-1t-20260423,2132,2060
0.000217,1674,147,inclusionai/ling-2.6-1t-20260423,1930,1853
0.000223,1673,157,inclusionai/ling-2.6-1t-20260423,2403,2269
0.000218,1677,149,inclusionai/ling-2.6-1t-20260423,1949,1870
0.000292,1677,267,inclusionai/ling-2.6-1t-20260423,3285,3189
0.00031,1703,293,inclusionai/ling-2.6-1t-20260423,3241,3136
0.000663,1687,161,google/gemini-3.1-flash-lite-20260507,1463,968
0.000772,1684,234,google/gemini-3.1-flash-lite-20260507,1547,850
0.000494,1685,49,google/gemini-3.1-flash-lite-20260507,952,777
0.000953,1712,350,google/gemini-3.1-flash-lite-20260507,1906,864
0.000634,1685,142,google/gemini-3.1-flash-lite-20260507,1152,782
0.000783,1683,242,google/gemini-3.1-flash-lite-20260507,2033,1387
0.000928,1686,338,google/gemini-3.1-flash-lite-20260507,1594,763
0.000927,1688,337,google/gemini-3.1-flash-lite-20260507,1706,830
0.000935,1696,341,google/gemini-3.1-flash-lite-20260507,1714,845
0.000643,1680,149,google/gemini-3.1-flash-lite-20260507,1355,904
0.0008,1689,252,google/gemini-3.1-flash-lite-20260507,1422,753
0.000635,1679,144,google/gemini-3.1-flash-lite-20260507,1239,893
0.000657,1680,158,google/gemini-3.1-flash-lite-20260507,1264,1230
0.000629,1671,141,google/gemini-3.1-flash-lite-20260507,1473,1036
0.00078,1686,239,google/gemini-3.1-flash-lite-20260507,1406,864
0.000801,1687,253,google/gemini-3.1-flash-lite-20260507,1506,803
0.000647,1679,152,google/gemini-3.1-flash-lite-20260507,1348,919
0.000634,1679,143,google/gemini-3.1-flash-lite-20260507,1198,837
0.000478,1674,40,google/gemini-3.1-flash-lite-20260507,1023,833
0.000661,1685,160,google/gemini-3.1-flash-lite-20260507,1540,999
0.000625,1674,138,google/gemini-3.1-flash-lite-20260507,1374,1035
0.000635,1673,145,google/gemini-3.1-flash-lite-20260507,1219,847
0.000785,1684,243,google/gemini-3.1-flash-lite-20260507,1890,1082
0.000643,1679,149,google/gemini-3.1-flash-lite-20260507,1265,847
0.000482,1678,42,google/gemini-3.1-flash-lite-20260507,946,799
0.00064,1681,147,google/gemini-3.1-flash-lite-20260507,1772,887
0.000638,1676,146,google/gemini-3.1-flash-lite-20260507,1473,1025
0.000931,1696,338,google/gemini-3.1-flash-lite-20260507,1727,933
0.000625,1684,136,google/gemini-3.1-flash-lite-20260507,1257,814
0.000639,1674,147,google/gemini-3.1-flash-lite-20260507,1131,729
0.000478,1673,40,google/gemini-3.1-flash-lite-20260507,1085,910
0.000947,1700,348,google/gemini-3.1-flash-lite-20260507,1587,734
0.000779,1684,239,google/gemini-3.1-flash-lite-20260507,1361,773
0.000658,1675,160,google/gemini-3.1-flash-lite-20260507,1467,995
0.000641,1679,148,google/gemini-3.1-flash-lite-20260507,1168,737
0.000636,1674,145,google/gemini-3.1-flash-lite-20260507,1195,765
0.000634,1675,144,google/gemini-3.1-flash-lite-20260507,1226,804
0.000628,1675,140,google/gemini-3.1-flash-lite-20260507,1235,839
0.000767,1679,232,google/gemini-3.1-flash-lite-20260507,1303,781
0.000781,1699,238,google/gemini-3.1-flash-lite-20260507,1594,875
0.001116,1687,91,google/gemini-3-flash-preview-20251217,1906,1262
0.001541,1684,233,google/gemini-3-flash-preview-20251217,2204,1114
0.000935,1685,31,google/gemini-3-flash-preview-20251217,1456,1161
0.001459,1712,201,google/gemini-3-flash-preview-20251217,1988,1404
0.000809,1084,89,google/gemini-3-flash-preview-20251217,2166,1737
0.001261,1683,140,google/gemini-3-flash-preview-20251217,2471,1070
0.001449,1686,202,google/gemini-3-flash-preview-20251217,2495,1567
0.001474,1688,210,google/gemini-3-flash-preview-20251217,2573,1332
0.001877,1696,343,google/gemini-3-flash-preview-20251217,2654,1061
0.001113,1680,91,google/gemini-3-flash-preview-20251217,1577,1077
0.001591,1689,249,google/gemini-3-flash-preview-20251217,2974,1329
0.001127,1679,96,google/gemini-3-flash-preview-20251217,1797,1049
0.001149,1680,103,google/gemini-3-flash-preview-20251217,1830,1102
0.000808,1070,91,google/gemini-3-flash-preview-20251217,1536,1318
0.001281,1686,146,google/gemini-3-flash-preview-20251217,1631,921
0.001572,1687,243,google/gemini-3-flash-preview-20251217,2283,1114
0.001295,1679,152,google/gemini-3-flash-preview-20251217,1599,916
0.001115,1679,92,google/gemini-3-flash-preview-20251217,1643,1102
0.000641,1073,35,google/gemini-3-flash-preview-20251217,1919,1919
0.001157,1685,105,google/gemini-3-flash-preview-20251217,1577,1073
0.001095,1674,86,google/gemini-3-flash-preview-20251217,2105,1368
0.001274,1673,146,google/gemini-3-flash-preview-20251217,9616,8863
0.001553,1684,237,google/gemini-3-flash-preview-20251217,3523,2308
0.001136,1679,99,google/gemini-3-flash-preview-20251217,1731,1164
0.000935,1678,32,google/gemini-3-flash-preview-20251217,1424,1173
0.001125,1681,95,google/gemini-3-flash-preview-20251217,1631,1145
0.001132,1676,98,google/gemini-3-flash-preview-20251217,1904,1097
0.00149,1696,214,google/gemini-3-flash-preview-20251217,2102,1067
0.001109,1684,89,google/gemini-3-flash-preview-20251217,1618,1378
0.00111,1674,91,google/gemini-3-flash-preview-20251217,1696,1242
0.000911,1673,25,google/gemini-3-flash-preview-20251217,1339,1187
0.001879,1700,343,google/gemini-3-flash-preview-20251217,2629,1029
0.001289,1684,149,google/gemini-3-flash-preview-20251217,1886,1080
0.001161,1675,108,google/gemini-3-flash-preview-20251217,1643,1032
0.001109,1679,90,google/gemini-3-flash-preview-20251217,1598,1120
0.001101,1674,88,google/gemini-3-flash-preview-20251217,1689,1257
0.001134,1675,99,google/gemini-3-flash-preview-20251217,1578,1075
0.001119,1675,94,google/gemini-3-flash-preview-20251217,1514,1074
0.001271,1679,144,google/gemini-3-flash-preview-20251217,1848,1197
0.001275,1699,142,google/gemini-3-flash-preview-20251217,1839,1150
0.000781,1699,238,google/gemini-3.1-flash-lite-20260507,1454,883
0.001275,1699,142,google/gemini-3-flash-preview-20251217,1953,1242
0.000353,1119,145,z-ai/glm-4.7-20251222,3316,532
0.000447,1118,199,z-ai/glm-4.7-20251222,7713,521
0.000174,1119,43,z-ai/glm-4.7-20251222,1059,482
0.000635,1146,300,z-ai/glm-4.7-20251222,9839,487
0.000291,1122,109,z-ai/glm-4.7-20251222,4723,1680
0.000425,1117,187,z-ai/glm-4.7-20251222,5688,658
0.00057,1116,270,z-ai/glm-4.7-20251222,9039,826
0.000582,1116,277,z-ai/glm-4.7-20251222,8216,502
0.000573,1132,268,z-ai/glm-4.7-20251222,9390,514
0.000314,1115,124,z-ai/glm-4.7-20251222,6148,1866
0.000427,1122,187,z-ai/glm-4.7-20251222,7385,482
0.000287,1122,107,z-ai/glm-4.7-20251222,4041,714
0.00062,1112,112,z-ai/glm-4.7-20251222,7735,534
0.000281,1107,107,z-ai/glm-4.7-20251222,5063,1200
0.000423,1123,184,z-ai/glm-4.7-20251222,9110,896
0.000428,1123,187,z-ai/glm-4.7-20251222,8363,498
0.000291,1110,112,z-ai/glm-4.7-20251222,5457,706
0.000287,1112,109,z-ai/glm-4.7-20251222,4355,503
0.000175,1112,45,z-ai/glm-4.7-20251222,3634,2059
0.000356,1122,146,z-ai/glm-4.7-20251222,7790,1561
0.0003,1115,116,z-ai/glm-4.7-20251222,6685,1886
0.000287,1104,111,z-ai/glm-4.7-20251222,6128,471
0.000455,1117,204,z-ai/glm-4.7-20251222,9497,871
0.000349,1119,143,z-ai/glm-4.7-20251222,7628,478
0.000185,1112,51,z-ai/glm-4.7-20251222,2416,544
0.000323,1111,130,z-ai/glm-4.7-20251222,6068,516
0.000283,1110,107,z-ai/glm-4.7-20251222,4677,1130
0.000611,1126,291,z-ai/glm-4.7-20251222,19540,521
0.000329,1116,132,z-ai/glm-4.7-20251222,7224,592
0.000285,1108,109,z-ai/glm-4.7-20251222,4356,547
0.000179,1109,48,z-ai/glm-4.7-20251222,2258,674
0.000643,1141,306,z-ai/glm-4.7-20251222,11565,603
0.000445,1117,198,z-ai/glm-4.7-20251222,10229,812
0.000359,1108,151,z-ai/glm-4.7-20251222,5718,441
0.000286,1114,108,z-ai/glm-4.7-20251222,5036,707
0.000282,1109,107,z-ai/glm-4.7-20251222,4674,964
0.000288,1111,110,z-ai/glm-4.7-20251222,6009,669
0.000279,1114,104,z-ai/glm-4.7-20251222,7522,495
0.000452,1113,203,z-ai/glm-4.7-20251222,20204,666
0.000814,1138,217,z-ai/glm-4.7-20251222,12868,734
0.000391,1183,113,z-ai/glm-4.5,2420,2033
0.000554,1182,187,z-ai/glm-4.5,3662,2070
0.000249,1183,48,z-ai/glm-4.5,1378,1373
0.000845,1210,312,z-ai/glm-4.5,6074,2282
0.000393,1186,113,z-ai/glm-4.5,2446,2090
0.000556,1181,189,z-ai/glm-4.5,3688,2059
0.000762,1180,282,z-ai/glm-4.5,5534,1981
0.000747,1180,275,z-ai/glm-4.5,5235,1797
0.000786,1196,289,z-ai/glm-4.5,5410,2121
0.000417,1179,126,z-ai/glm-4.5,3035,2508
0.000569,1186,193,z-ai/glm-4.5,3798,2201
0.000416,1186,123,z-ai/glm-4.5,2709,2123
0.000387,1176,113,z-ai/glm-4.5,2542,2090
0.000383,1171,112,z-ai/glm-4.5,2403,2077
0.000553,1187,185,z-ai/glm-4.5,3753,2139
0.000565,1187,191,z-ai/glm-4.5,3833,2097
0.000386,1174,113,z-ai/glm-4.5,2424,1973
0.000386,1176,112,z-ai/glm-4.5,2415,1963
0.000256,1176,53,z-ai/glm-4.5,1494,1475
0.000454,1186,141,z-ai/glm-4.5,3031,2151
0.000379,1179,108,z-ai/glm-4.5,2322,2212
0.00039,1168,116,z-ai/glm-4.5,2377,1924
0.000598,1181,207,z-ai/glm-4.5,5061,3073
0.000403,1183,118,z-ai/glm-4.5,2502,1966
0.000278,1176,63,z-ai/glm-4.5,1713,1555
0.000387,1175,113,z-ai/glm-4.5,2377,1981
0.000382,1174,111,z-ai/glm-4.5,2520,2064
0.000777,1190,286,z-ai/glm-4.5,5407,3007
0.00039,1180,113,z-ai/glm-4.5,2374,1914
0.000383,1172,112,z-ai/glm-4.5,2417,2061
0.000263,1173,57,z-ai/glm-4.5,1594,1564
0.000748,1205,269,z-ai/glm-4.5,4893,1948
0.000555,1181,188,z-ai/glm-4.5,4397,2175
0.000396,1172,118,z-ai/glm-4.5,2511,2104
0.000382,1178,110,z-ai/glm-4.5,2434,2109
0.000382,1173,111,z-ai/glm-4.5,2409,2024
0.000389,1175,114,z-ai/glm-4.5,2461,1992
0.000396,1178,116,z-ai/glm-4.5,2441,1977
0.00055,1177,191,z-ai/glm-4.5,3803,1943
0.000557,1202,193,z-ai/glm-4.5,3683,2101
0.000118,1567,134,deepseek/deepseek-v4-flash-20260423,2865,964
0.00014,1566,222,deepseek/deepseek-v4-flash-20260423,2418,428
0.000107,1567,41,deepseek/deepseek-v4-flash-20260423,953,581
0.000154,1594,307,deepseek/deepseek-v4-flash-20260423,3522,803
0.000122,1569,121,deepseek/deepseek-v4-flash-20260423,1739,606
0.000147,1565,222,deepseek/deepseek-v4-flash-20260423,2800,584
0.000135,1563,213,deepseek/deepseek-v4-flash-20260423,2704,390
0.00015,1566,298,deepseek/deepseek-v4-flash-20260423,3161,416
0.000157,1579,316,deepseek/deepseek-v4-flash-20260423,3393,476
0.000118,1560,126,deepseek/deepseek-v4-flash-20260423,1477,840
0.000149,1568,226,deepseek/deepseek-v4-flash-20260423,2508,457
0.000129,1567,125,deepseek/deepseek-v4-flash-20260423,2302,1306
0.000121,1561,137,deepseek/deepseek-v4-flash-20260423,1882,726
0.000119,1554,121,deepseek/deepseek-v4-flash-20260423,1497,511
0.000136,1569,215,deepseek/deepseek-v4-flash-20260423,2336,556
0.000137,1569,220,deepseek/deepseek-v4-flash-20260423,2505,483
0.000121,1558,130,deepseek/deepseek-v4-flash-20260423,1682,574
0.000125,1560,128,deepseek/deepseek-v4-flash-20260423,1479,346
0.000099,1558,25,deepseek/deepseek-v4-flash-20260423,646,414
0.000125,1568,145,deepseek/deepseek-v4-flash-20260423,1688,379
0.000128,1560,123,deepseek/deepseek-v4-flash-20260423,1618,477
0.000127,1552,125,deepseek/deepseek-v4-flash-20260423,1270,352
0.000149,1564,234,deepseek/deepseek-v4-flash-20260423,2477,663
0.000128,1566,151,deepseek/deepseek-v4-flash-20260423,2031,734
0.000108,1559,45,deepseek/deepseek-v4-flash-20260423,1007,415
0.000127,1559,127,deepseek/deepseek-v4-flash-20260423,1727,490
0.000117,1558,125,deepseek/deepseek-v4-flash-20260423,1717,509
0.000171,1574,345,deepseek/deepseek-v4-flash-20260423,3989,934
0.000122,1564,130,deepseek/deepseek-v4-flash-20260423,1523,447
0.000129,1557,129,deepseek/deepseek-v4-flash-20260423,1596,354
0.000096,1557,25,deepseek/deepseek-v4-flash-20260423,1059,378
0.000156,1585,321,deepseek/deepseek-v4-flash-20260423,3450,561
0.000138,1564,212,deepseek/deepseek-v4-flash-20260423,2410,544
0.000129,1557,147,deepseek/deepseek-v4-flash-20260423,2167,743
0.000124,1561,134,deepseek/deepseek-v4-flash-20260423,1623,383
0.000125,1557,122,deepseek/deepseek-v4-flash-20260423,1522,474
0.000127,1559,128,deepseek/deepseek-v4-flash-20260423,1554,587
0.000124,1561,125,deepseek/deepseek-v4-flash-20260423,1525,426
0.000133,1560,207,deepseek/deepseek-v4-flash-20260423,2220,454
0.000144,1583,220,deepseek/deepseek-v4-flash-20260423,2589,695
0.000344,1382,229,openai/gpt-oss-120b,800,800
0.00033,1382,365,openai/gpt-oss-120b,962,962
0.000151,1384,66,openai/gpt-oss-120b,478,477
0.00037,1408,426,openai/gpt-oss-120b,958,957
0.000228,1386,194,openai/gpt-oss-120b,1125,1124
0.000284,1383,288,openai/gpt-oss-120b,1065,1065
0.000306,1383,325,openai/gpt-oss-120b,1834,1832
0.000311,1383,333,openai/gpt-oss-120b,839,839
0.000468,1394,433,openai/gpt-oss-120b,1228,1228
0.000323,1379,194,openai/gpt-oss-120b,747,747
0.000414,1386,344,openai/gpt-oss-120b,1165,1165
0.000326,1383,199,openai/gpt-oss-120b,773,773
0.000235,1379,207,openai/gpt-oss-120b,3916,3780
0.000222,1372,187,openai/gpt-oss-120b,1551,1551
0.000382,1384,291,openai/gpt-oss-120b,676,675
0.000373,1385,276,openai/gpt-oss-120b,1394,1382
0.000227,1376,195,openai/gpt-oss-120b,2049,2049
0.000241,1379,217,openai/gpt-oss-120b,472,471
0.000134,1376,40,openai/gpt-oss-120b,265,265
0.000261,1387,249,openai/gpt-oss-120b,1056,1037
0.000315,1376,181,openai/gpt-oss-120b,523,523
0.000328,1371,204,openai/gpt-oss-120b,1255,1255
0.000422,1383,358,openai/gpt-oss-120b,1383,1382
0.000352,1382,242,openai/gpt-oss-120b,838,838
0.000241,1377,59,openai/gpt-oss-120b,499,499
0.000313,1376,178,openai/gpt-oss-120b,775,775
0.0002,1375,151,openai/gpt-oss-120b,479,478
0.000334,1391,370,openai/gpt-oss-120b,1334,1332
0.000224,1383,188,openai/gpt-oss-120b,732,732
0.000341,1375,226,openai/gpt-oss-120b,563,563
0.000235,1373,50,openai/gpt-oss-120b,307,304
0.000315,1402,336,openai/gpt-oss-120b,1695,1695
0.000391,1381,307,openai/gpt-oss-120b,772,716
0.000337,1374,219,openai/gpt-oss-120b,838,838
0.000308,1378,169,openai/gpt-oss-120b,554,553
0.000332,1374,210,openai/gpt-oss-120b,546,546
0.000331,1376,209,openai/gpt-oss-120b,495,495
0.000314,1378,179,openai/gpt-oss-120b,476,470
0.000371,1378,274,openai/gpt-oss-120b,1066,1066
0.000438,1400,381,openai/gpt-oss-120b,1265,1260
0.000955,1115,203,z-ai/glm-4.7-20251222,15970,820
0.000805,1138,212,z-ai/glm-4.7-20251222,14161,810
0.00056,1177,191,z-ai/glm-4.5,4351,2353
0.001091,1202,193,z-ai/glm-4.5,4443,2499
0.000138,1560,203,deepseek/deepseek-v4-flash-20260423,2456,591
0.000149,1583,220,deepseek/deepseek-v4-flash-20260423,2388,483
0.000364,1378,263,openai/gpt-oss-120b,967,967
0.000438,1400,381,openai/gpt-oss-120b,925,925
0.000187,590,72,z-ai/glm-4.7-20251222,3408,818
0.000262,585,68,z-ai/glm-4.7-20251222,2755,1122
0.0009,601,118,z-ai/glm-4.7-20251222,4360,2044
0.000272,601,118,z-ai/glm-4.7-20251222,8263,663
0.000167,588,61,z-ai/glm-4.7-20251222,3149,1404
0.000166,590,60,z-ai/glm-4.7-20251222,4175,737
0.000089,590,16,z-ai/glm-4.7-20251222,1375,913
0.000204,600,79,z-ai/glm-4.7-20251222,5152,1053
0.000166,593,59,z-ai/glm-4.7-20251222,2576,475
0.000163,582,60,z-ai/glm-4.7-20251222,3278,541
0.000228,595,94,z-ai/glm-4.7-20251222,4649,1664
0.000171,597,61,z-ai/glm-4.7-20251222,3914,1319
0.000089,590,16,z-ai/glm-4.7-20251222,1030,494
0.00017,589,62,z-ai/glm-4.7-20251222,5488,492
0.000169,588,62,z-ai/glm-4.7-20251222,4864,610
0.000302,604,134,z-ai/glm-4.7-20251222,6921,938
0.000248,594,61,z-ai/glm-4.7-20251222,2079,1559
0.000236,586,58,z-ai/glm-4.7-20251222,1758,979
0.000125,587,16,z-ai/glm-4.7-20251222,958,909
0.000456,619,134,z-ai/glm-4.7-20251222,2014,919
0.000637,595,117,z-ai/glm-4.7-20251222,2034,885
0.00021,586,86,z-ai/glm-4.7-20251222,15179,578
0.000164,592,58,z-ai/glm-4.7-20251222,3208,486
0.00016,587,57,z-ai/glm-4.7-20251222,3193,725
0.00017,589,62,z-ai/glm-4.7-20251222,3420,735
0.000169,592,61,z-ai/glm-4.7-20251222,15366,1116
0.000233,591,98,z-ai/glm-4.7-20251222,8621,582
0.000266,616,99,z-ai/glm-4.7-20251222,9242,5153
0.000222,654,64,z-ai/glm-4.5,2512,1952
0.000233,649,70,z-ai/glm-4.5,2247,2139
0.0003,665,96,z-ai/glm-4.5,2488,2293
0.000321,665,106,z-ai/glm-4.5,3016,2866
0.000223,652,65,z-ai/glm-4.5,2007,1923
0.000223,654,64,z-ai/glm-4.5,1976,1952
0.000126,654,20,z-ai/glm-4.5,1036,1036
0.000272,664,84,z-ai/glm-4.5,2238,2183
0.000218,657,61,z-ai/glm-4.5,2327,1819
0.000218,646,64,z-ai/glm-4.5,1919,1886
0.0003,659,98,z-ai/glm-4.5,2554,2398
0.000229,661,65,z-ai/glm-4.5,1923,1885
0.000126,654,20,z-ai/glm-4.5,1011,1004
0.000224,653,65,z-ai/glm-4.5,5063,5022
0.00021,652,59,z-ai/glm-4.5,1625,1584
0.000348,668,117,z-ai/glm-4.5,2541,2031
0.000223,658,63,z-ai/glm-4.5,2045,2016
0.000216,650,62,z-ai/glm-4.5,1655,1608
0.000124,651,20,z-ai/glm-4.5,847,822
0.000403,683,138,z-ai/glm-4.5,2602,1985
0.00031,659,103,z-ai/glm-4.5,2194,1946
0.00026,650,82,z-ai/glm-4.5,1997,1975
0.000215,656,60,z-ai/glm-4.5,1674,1668
0.000214,651,61,z-ai/glm-4.5,1679,1667
0.000246,653,75,z-ai/glm-4.5,1931,1846
0.000215,656,65,z-ai/glm-4.5,1644,1630
0.000297,524,138,z-ai/glm-4.7-20251222,8578,1058
0.000296,655,102,z-ai/glm-4.5,2299,2077
0.000297,680,101,z-ai/glm-4.5,2375,2110
0.000226,656,65,z-ai/glm-4.5,1664,1662
0.000307,655,102,z-ai/glm-4.5,2197,1921
0.000274,519,126,z-ai/glm-4.7-20251222,11464,503
0.000357,680,101,z-ai/glm-4.5,2208,2002
0.000436,535,215,z-ai/glm-4.7-20251222,8148,825
0.000419,535,205,z-ai/glm-4.7-20251222,11955,518
0.000541,239,218,z-ai/glm-4.5,4023,1899
0.000291,522,135,z-ai/glm-4.7-20251222,9357,907
0.000263,590,85,z-ai/glm-4.5,1917,1917
0.000332,589,117,z-ai/glm-4.5,2400,1975
0.000608,614,123,z-ai/glm-4.5,2510,1932
0.000297,524,138,z-ai/glm-4.7-20251222,13386,868
0.00012,524,37,z-ai/glm-4.7-20251222,4630,1781
0.000317,534,147,z-ai/glm-4.7-20251222,7919,898
0.00027,527,122,z-ai/glm-4.7-20251222,7320,1382
0.000287,516,134,z-ai/glm-4.7-20251222,8578,952
0.000509,169,223,z-ai/glm-4.5,4322,1998
0.000436,529,216,z-ai/glm-4.7-20251222,10244,1260
0.000516,154,227,z-ai/glm-4.5,4713,2037
0.000552,214,240,z-ai/glm-4.5,4597,1983
0.000208,109,79,z-ai/glm-4.5,1842,1824
0.000236,549,75,z-ai/glm-4.5,1868,1837
0.000335,548,120,z-ai/glm-4.5,2465,1876
0.000321,531,150,z-ai/glm-4.7-20251222,25624,2194
0.000406,573,141,z-ai/glm-4.5,2857,1893
0.000126,524,40,z-ai/glm-4.7-20251222,3158,1682
0.000291,523,135,z-ai/glm-4.7-20251222,5180,506
0.000303,522,142,z-ai/glm-4.7-20251222,6216,512
0.000581,538,297,z-ai/glm-4.7-20251222,20830,2082
0.000328,528,155,z-ai/glm-4.7-20251222,6544,498
0.000276,520,127,z-ai/glm-4.7-20251222,7494,2586
0.000145,521,52,z-ai/glm-4.7-20251222,3771,906
0.000416,164,218,z-ai/glm-4.7-20251222,8315,501
0.000393,149,214,z-ai/glm-4.7-20251222,8663,688
0.000608,553,309,z-ai/glm-4.7-20251222,16680,487
0.000436,149,227,z-ai/glm-4.7-20251222,7747,617
0.000541,169,223,z-ai/glm-4.5,4308,1905
0.000589,154,227,z-ai/glm-4.5,4363,2042
0.00043,529,213,z-ai/glm-4.7-20251222,11514,691
0.000643,214,235,z-ai/glm-4.5,4589,2121
0.000376,520,184,z-ai/glm-4.7-20251222,6700,501
0.000291,526,134,z-ai/glm-4.7-20251222,7158,515
0.000275,521,126,z-ai/glm-4.7-20251222,11756,4862
0.00029,523,134,z-ai/glm-4.7-20251222,5555,656
0.000287,526,132,z-ai/glm-4.7-20251222,6429,590
0.000429,525,213,z-ai/glm-4.7-20251222,6184,562
0.000624,550,243,z-ai/glm-4.7-20251222,12938,563
0.000254,529,85,z-ai/glm-4.5,2021,1911
0.000223,524,72,z-ai/glm-4.5,1708,1688
0.000336,540,119,z-ai/glm-4.5,2508,1930
0.000338,540,120,z-ai/glm-4.5,2573,1910
0.000248,527,83,z-ai/glm-4.5,1999,1999
0.000255,529,85,z-ai/glm-4.5,1891,1891
0.000112,529,20,z-ai/glm-4.5,925,905
0.000271,539,90,z-ai/glm-4.5,2160,2027
0.000241,532,78,z-ai/glm-4.5,2013,2013
0.00025,521,85,z-ai/glm-4.5,2045,2021
0.000335,534,120,z-ai/glm-4.5,2580,2017
0.000261,536,86,z-ai/glm-4.5,2067,1957
0.000196,529,58,z-ai/glm-4.5,1713,1661
0.000235,528,76,z-ai/glm-4.5,2180,2136
0.000241,527,79,z-ai/glm-4.5,1929,1929
0.000444,543,167,z-ai/glm-4.5,3325,1996
0.000216,533,66,z-ai/glm-4.5,1860,1759
0.000253,525,85,z-ai/glm-4.5,2080,1885
0.00011,526,20,z-ai/glm-4.5,1240,1200
0.000442,558,162,z-ai/glm-4.5,3360,2073
0.000316,534,112,z-ai/glm-4.5,2362,1907
0.000255,525,86,z-ai/glm-4.5,1956,1931
0.000247,531,81,z-ai/glm-4.5,2420,1932
0.000244,526,81,z-ai/glm-4.5,1893,1893
0.000254,528,85,z-ai/glm-4.5,1935,1907
0.000234,531,75,z-ai/glm-4.5,2362,1855
0.000333,530,120,z-ai/glm-4.5,2717,1875
0.000647,555,144,z-ai/glm-4.5,9145,8194
0.000435,553,1024,google/gemma-4-31b-it-20260402,19633,800
0.000418,544,1024,google/gemma-4-31b-it-20260402,16080,734
0.00042,559,1024,google/gemma-4-31b-it-20260402,13748,505
0.00042,560,1024,google/gemma-4-31b-it-20260402,17303,1024
0.000083,953,133,deepseek/deepseek-v4-flash-20260423,2011,1153
0.000434,552,1024,google/gemma-4-31b-it-20260402,17374,1041
0.000074,946,85,deepseek/deepseek-v4-flash-20260423,1602,723
0.000096,961,186,deepseek/deepseek-v4-flash-20260423,2225,513
0.000109,552,119,google/gemma-4-31b-it-20260402,5828,2036
0.000088,961,155,deepseek/deepseek-v4-flash-20260423,1913,494
0.000081,950,120,deepseek/deepseek-v4-flash-20260423,1639,549
0.000074,952,91,deepseek/deepseek-v4-flash-20260423,2123,1038
0.000063,950,32,deepseek/deepseek-v4-flash-20260423,899,548
0.000089,960,137,deepseek/deepseek-v4-flash-20260423,1741,557
0.000081,952,123,deepseek/deepseek-v4-flash-20260423,1514,414
0.00008,944,108,deepseek/deepseek-v4-flash-20260423,1478,544
0.000101,956,216,deepseek/deepseek-v4-flash-20260423,2424,428
0.000083,958,112,deepseek/deepseek-v4-flash-20260423,1373,409
0.000066,951,39,deepseek/deepseek-v4-flash-20260423,754,411
0.000083,951,127,deepseek/deepseek-v4-flash-20260423,1803,723
0.000075,950,89,deepseek/deepseek-v4-flash-20260423,1287,419
0.000121,966,310,deepseek/deepseek-v4-flash-20260423,2992,491
0.000082,956,94,deepseek/deepseek-v4-flash-20260423,1349,552
0.000078,949,91,deepseek/deepseek-v4-flash-20260423,1289,386
0.000061,949,29,deepseek/deepseek-v4-flash-20260423,692,447
0.000123,977,308,deepseek/deepseek-v4-flash-20260423,3165,566
0.0001,956,217,deepseek/deepseek-v4-flash-20260423,2460,559
0.00008,949,107,deepseek/deepseek-v4-flash-20260423,1389,445
0.000456,517,1024,google/gemma-4-31b-it-20260402,37559,828
0.000078,953,98,deepseek/deepseek-v4-flash-20260423,1194,370
0.00008,949,89,deepseek/deepseek-v4-flash-20260423,1599,556
0.000079,951,91,deepseek/deepseek-v4-flash-20260423,1723,398
0.000072,953,85,deepseek/deepseek-v4-flash-20260423,1643,734
0.000087,952,146,deepseek/deepseek-v4-flash-20260423,2060,579
0.000098,975,197,deepseek/deepseek-v4-flash-20260423,2226,467
0.000176,825,184,openai/gpt-oss-120b,773,773
0.000167,818,170,openai/gpt-oss-120b,1486,1486
0.00024,830,290,openai/gpt-oss-120b,737,733
0.000221,831,257,openai/gpt-oss-120b,1529,1527
0.000435,558,1024,google/gemma-4-31b-it-20260402,18430,729
0.000224,822,168,openai/gpt-oss-120b,1159,1149
0.000174,825,181,openai/gpt-oss-120b,698,698
0.000097,822,53,openai/gpt-oss-120b,476,476
0.000253,833,215,openai/gpt-oss-120b,777,777
0.000111,517,116,google/gemma-4-31b-it-20260402,4072,603
0.000222,822,166,openai/gpt-oss-120b,692,692
0.000191,817,211,openai/gpt-oss-120b,935,935
0.000283,829,265,openai/gpt-oss-120b,901,901
0.000202,828,227,openai/gpt-oss-120b,949,949
0.000119,823,89,openai/gpt-oss-120b,289,289
0.00017,822,174,openai/gpt-oss-120b,1708,1708
0.000223,821,167,openai/gpt-oss-120b,671,671
0.00034,837,358,openai/gpt-oss-120b,736,734
0.000174,829,179,openai/gpt-oss-120b,716,716
0.00016,821,159,openai/gpt-oss-120b,456,452
0.000152,819,50,openai/gpt-oss-120b,271,270
0.000337,848,351,openai/gpt-oss-120b,825,822
0.000304,827,301,openai/gpt-oss-120b,694,694
0.000208,820,238,openai/gpt-oss-120b,2590,2584
0.000216,824,154,openai/gpt-oss-120b,453,449
0.000157,820,153,openai/gpt-oss-120b,852,852
0.00017,822,175,openai/gpt-oss-120b,1413,1406
0.000229,824,177,openai/gpt-oss-120b,494,492
0.000291,824,279,openai/gpt-oss-120b,1220,1219
0.000329,846,338,openai/gpt-oss-120b,911,882
0.000456,516,1024,google/gemma-4-31b-it-20260402,37215,405
0.000153,557,283,google/gemma-4-31b-it-20260402,5713,994
0.000075,953,91,deepseek/deepseek-v4-flash-20260423,1304,379
0.000092,952,148,deepseek/deepseek-v4-flash-20260423,1994,1067
0.000097,975,197,deepseek/deepseek-v4-flash-20260423,2534,463
0.000238,824,191,openai/gpt-oss-120b,526,506
0.000279,824,259,openai/gpt-oss-120b,882,879
0.000333,846,344,openai/gpt-oss-120b,1029,1029
0.000419,552,1024,google/gemma-4-31b-it-20260402,20939,1296
0.000084,521,45,google/gemma-4-31b-it-20260402,2139,375
0.000112,554,127,google/gemma-4-31b-it-20260402,3053,830
0.000456,519,1024,google/gemma-4-31b-it-20260402,43552,371
0.000436,569,1024,google/gemma-4-31b-it-20260402,21762,775
0.000457,527,1024,google/gemma-4-31b-it-20260402,40693,2355
0.000418,547,1024,google/gemma-4-31b-it-20260402,20140,594
0.000063,546,36,google/gemma-4-31b-it-20260402,2950,1457
0.000201,573,370,google/gemma-4-31b-it-20260402,11360,639
0.000435,557,1024,google/gemma-4-31b-it-20260402,31203,728
0.000434,548,1024,google/gemma-4-31b-it-20260402,22468,826
0.000456,522,1024,google/gemma-4-31b-it-20260402,35438,393
0.000418,547,1024,google/gemma-4-31b-it-20260402,18708,814
0.000419,548,1024,google/gemma-4-31b-it-20260402,20259,2266
0.000419,548,1024,google/gemma-4-31b-it-20260402,24810,726
0.000419,552,1024,google/gemma-4-31b-it-20260402,22091,629
0.000437,572,1024,google/gemma-4-31b-it-20260402,18683,872
0.000138,522,185,google/gemma-4-31b-it-20260402,7403,446
0.000174,542,273,google/gemma-4-31b-it-20260402,11871,593
